http://i.imgur.com/TKLs9lo.jpg,"(255, 255, 255)","(248, 255, 250)","(209, 206, 207)"
https://i.redd.it/7ofdqmp53bzy.jpg,"(115, 99, 83)","(218, 209, 196)","(185, 167, 140)"
https://i.redd.it/cwljeujku33z.jpg,"(234, 230, 224)","(227, 225, 220)","(203, 186, 168)"
http://i.imgur.com/M3NOzLC.jpg,"(105, 84, 61)","(180, 179, 168)","(144, 140, 125)"
https://i.redd.it/c5pk0vnpg3ty.jpg,"(88, 98, 150)","(193, 199, 224)","(110, 129, 205)"
https://i.redd.it/n9jq5j2tatcy.jpg,"(215, 220, 216)","(84, 83, 74)","(175, 169, 143)"
http://i.imgur.com/tyDhTll.jpg,"(107, 94, 70)","(200, 191, 174)","(32, 24, 18)"
http://i.imgur.com/puEqa4C.jpg,"(154, 114, 118)","(92, 48, 38)","(146, 142, 157)"
https://i.redd.it/cpkq97klre4z.jpg,"(118, 113, 97)","(171, 167, 149)","(153, 152, 136)"
http://i.imgur.com/Gh2I3pq.jpg,"(123, 105, 90)","(212, 192, 174)","(191, 172, 154)"
https://i.redd.it/ru12lvaf7jyy.jpg,"(199, 192, 195)","(79, 58, 57)","(170, 154, 153)"
http://i.imgur.com/qvnjbVw.jpg,"(172, 177, 183)","(165, 169, 174)","(137, 138, 134)"
http://i.imgur.com/pt9rmrv.jpg,"(254, 248, 240)","(138, 118, 112)","(248, 221, 198)"
https://i.redd.it/w5q6gldnvcuy.jpg,"(156, 126, 127)","(223, 208, 208)","(45, 35, 52)"
https://i.redd.it/s5viyluv421z.jpg,"(129, 88, 48)","(221, 194, 157)","(188, 134, 77)"
https://i.redd.it/h5t3qddvvzry.jpg,"(108, 89, 75)","(173, 155, 139)","(18, 15, 14)"
https://i.redd.it/guul6eld2soy.jpg,"(129, 124, 112)","(74, 66, 65)","(178, 173, 154)"
https://i.redd.it/lsuw4p2ncyny.jpg,"(102, 75, 51)","(204, 198, 175)","(171, 135, 87)"
https://i.redd.it/ftd3sx5ah13z.jpg,"(175, 106, 85)","(147, 71, 51)","(202, 170, 156)"
https://i.redd.it/nrafqoujmety.jpg,"(155, 116, 102)","(205, 173, 167)","(58, 45, 42)"
https://i.redd.it/d8021b5i2moy.jpg,"(148, 119, 91)","(200, 189, 165)","(66, 44, 41)"
http://i.imgur.com/lcEUZHv.jpg,"(255, 254, 253)","(225, 224, 203)","(161, 150, 152)"
https://i.redd.it/rubsfuf64lvy.jpg,"(212, 216, 217)","(63, 60, 63)","(178, 171, 156)"
http://i.imgur.com/sXhEQez.jpg,"(255, 255, 255)","(254, 254, 254)","(70, 70, 71)"
https://i.redd.it/0qow2dksb34z.jpg,"(76, 82, 54)","(170, 176, 131)","(133, 136, 88)"
https://i.redd.it/1nlgrn49x7ry.jpg,"(125, 114, 98)","(201, 185, 158)","(53, 46, 37)"
https://i.redd.it/ax4eueu0szpy.jpg,"(115, 107, 106)","(204, 194, 200)","(185, 171, 173)"
https://i.redd.it/xae65ypfqycy.jpg,"(245, 245, 245)","(220, 202, 201)","(158, 60, 53)"
http://i.imgur.com/FApqk3D.jpg,"(255, 255, 255)","(254, 255, 254)","(103, 108, 70)"
http://i.imgur.com/RycdbMO.jpg,"(214, 211, 203)","(68, 76, 83)","(162, 165, 160)"
https://i.redd.it/m4cfqp8wfv5z.jpg,"(121, 117, 117)","(214, 214, 215)","(207, 207, 207)"
http://i.imgur.com/6pnYQUv.jpg,"(186, 189, 189)","(42, 51, 64)","(113, 135, 157)"
https://i.redd.it/tb5pckm6e72y.jpg,"(217, 218, 209)","(90, 86, 79)","(178, 178, 168)"
https://i.imgur.com/HRgRMOw.jpg,"(81, 89, 88)","(158, 176, 164)","(92, 147, 148)"
https://i.redd.it/fyqzavufvjwy.jpg,"(108, 83, 68)","(216, 188, 157)","(183, 146, 116)"
https://i.redd.it/4m5yk8gjrtzy.jpg,"(160, 126, 108)","(92, 56, 38)","(35, 12, 8)"
https://i.redd.it/sn7ufk9fsv4z.jpg,"(193, 193, 191)","(83, 56, 55)","(142, 134, 125)"
https://i.redd.it/ihczg3pmle3z.jpg,"(176, 186, 169)","(162, 171, 154)","(121, 131, 114)"
http://i.imgur.com/enhDnTM.jpg,"(248, 252, 253)","(25, 150, 190)","(4, 5, 5)"
https://i.redd.it/fsuv32a1cc9y.jpg,"(254, 254, 253)","(108, 82, 74)","(221, 207, 198)"
